founder_id,n_companies,companies,shares_address,etr_spread,margin_spread,group_revenue,group_taxes,link_strength
FND-43730,6,"C0073, C0159, C0171, C0184, C0431, C0493",FALSE,32.51586557232569,0.632265492652927,274225854,85961018,founder_only
FND-39500,2,"C0443, C0458",FALSE,0.7324164076998048,0.0753302643552137,230995659,59777817,founder_only
FND-55977,6,"C0043, C0049, C0071, C0210, C0231, C0333",TRUE,0.6576236962421113,0.2249542200017174,3632816696,1345231538,strong
FND-69325,6,"C0022, C0106, C0152, C0328, C0362, C0363",TRUE,0.32556947141597237,0.18842301160869832,3687660804,1305251007,strong
